Badge,TrainingName,ActivityDate
"28","P.S.S.- Refresher","",
"28","SCBA Annual Mask Confidence","",
"28","SCBA Annual Fit Test","",
"28","HazMat Operations Refresher","",
"34","P.S.S.- Refresher","",
"34","SCBA Annual Mask Confidence","",
"34","SCBA Annual Fit Test","",
"34","HazMat Operations Refresher","2/19/2020",
"67","P.S.S.- Refresher","",
"67","SCBA Annual Mask Confidence","",
"67","SCBA Annual Fit Test","",
"67","HazMat Operations Refresher","",
"87","P.S.S.- Refresher","",
"87","SCBA Annual Mask Confidence","",
"87","SCBA Annual Fit Test","",
"87","HazMat Operations Refresher","",
"104","P.S.S.- Refresher","",
"104","SCBA Annual Mask Confidence","",
"104","SCBA Annual Fit Test","",
"104","HazMat Operations Refresher","1/12/2020",
"113","P.S.S.- Refresher","",
"113","SCBA Annual Mask Confidence","",
"113","SCBA Annual Fit Test","",
"113","HazMat Operations Refresher","",
"119","P.S.S.- Refresher","",
"119","SCBA Annual Mask Confidence","",
"119","SCBA Annual Fit Test","",
"119","HazMat Operations Refresher","",
"125","P.S.S.- Refresher","",
"125","SCBA Annual Mask Confidence","",
"125","SCBA Annual Fit Test","1/2/2020",
"125","HazMat Operations Refresher","1/12/2020",
"129","P.S.S.- Refresher","",
"129","SCBA Annual Mask Confidence","",
"129","SCBA Annual Fit Test","",
"129","HazMat Operations Refresher","1/12/2020",
"147","P.S.S.- Refresher","",
"147","SCBA Annual Mask Confidence","",
"147","SCBA Annual Fit Test","",
"147","HazMat Operations Refresher","2/19/2020",
"171","P.S.S.- Refresher","",
"171","SCBA Annual Mask Confidence","",
"171","SCBA Annual Fit Test","",
"171","HazMat Operations Refresher","",
"225","P.S.S.- Refresher","",
"225","SCBA Annual Mask Confidence","",
"225","SCBA Annual Fit Test","",
"225","HazMat Operations Refresher","",
"230","P.S.S.- Refresher","",
"230","SCBA Annual Mask Confidence","",
"230","SCBA Annual Fit Test","",
"230","HazMat Operations Refresher","2/19/2020",
"236","P.S.S.- Refresher","",
"236","SCBA Annual Mask Confidence","",
"236","SCBA Annual Fit Test","",
"236","HazMat Operations Refresher","2/19/2020",
"242","P.S.S.- Refresher","",
"242","SCBA Annual Mask Confidence","",
"242","SCBA Annual Fit Test","",
"242","HazMat Operations Refresher","",
"245","P.S.S.- Refresher","",
"245","SCBA Annual Mask Confidence","",
"245","SCBA Annual Fit Test","",
"245","HazMat Operations Refresher","",
"248","P.S.S.- Refresher","",
"248","SCBA Annual Mask Confidence","",
"248","SCBA Annual Fit Test","",
"248","HazMat Operations Refresher","",
"254","P.S.S.- Refresher","",
"254","SCBA Annual Mask Confidence","",
"254","SCBA Annual Fit Test","1/6/2020",
"254","HazMat Operations Refresher","1/12/2020",
"255","P.S.S.- Refresher","",
"255","SCBA Annual Mask Confidence","",
"255","SCBA Annual Fit Test","",
"255","HazMat Operations Refresher","2/19/2020",
"258","P.S.S.- Refresher","",
"258","SCBA Annual Mask Confidence","",
"258","SCBA Annual Fit Test","",
"258","HazMat Operations Refresher","2/19/2020",
"259","P.S.S.- Refresher","",
"259","SCBA Annual Mask Confidence","",
"259","SCBA Annual Fit Test","",
"259","HazMat Operations Refresher","1/12/2020",
"262","P.S.S.- Refresher","",
"262","SCBA Annual Mask Confidence","",
"262","SCBA Annual Fit Test","",
"262","HazMat Operations Refresher","",
"264","P.S.S.- Refresher","",
"264","SCBA Annual Mask Confidence","",
"264","SCBA Annual Fit Test","1/7/2020",
"264","HazMat Operations Refresher","1/12/2020",
"265","P.S.S.- Refresher","",
"265","SCBA Annual Mask Confidence","",
"265","SCBA Annual Fit Test","",
"265","HazMat Operations Refresher","1/12/2020",
"266","P.S.S.- Refresher","",
"266","SCBA Annual Mask Confidence","",
"266","SCBA Annual Fit Test","",
"266","HazMat Operations Refresher","2/19/2020",
"268","P.S.S.- Refresher","",
"268","SCBA Annual Mask Confidence","",
"268","SCBA Annual Fit Test","",
"268","HazMat Operations Refresher","1/12/2020",
"270","P.S.S.- Refresher","",
"270","SCBA Annual Mask Confidence","",
"270","SCBA Annual Fit Test","",
"270","HazMat Operations Refresher","2/19/2020",
"271","P.S.S.- Refresher","",
"271","SCBA Annual Mask Confidence","",
"271","SCBA Annual Fit Test","",
"271","HazMat Operations Refresher","2/19/2020",
"272","P.S.S.- Refresher","",
"272","SCBA Annual Mask Confidence","",
"272","SCBA Annual Fit Test","",
"272","HazMat Operations Refresher","2/19/2020",
"273","P.S.S.- Refresher","",
"273","SCBA Annual Mask Confidence","",
"273","SCBA Annual Fit Test","1/7/2020",
"273","HazMat Operations Refresher","1/12/2020",
"275","P.S.S.- Refresher","",
"275","SCBA Annual Mask Confidence","",
"275","SCBA Annual Fit Test","",
"275","HazMat Operations Refresher","1/12/2020",
"276","P.S.S.- Refresher","",
"276","SCBA Annual Mask Confidence","",
"276","SCBA Annual Fit Test","1/6/2020",
"276","HazMat Operations Refresher","1/12/2020",
"277","P.S.S.- Refresher","",
"277","SCBA Annual Mask Confidence","",
"277","SCBA Annual Fit Test","",
"277","HazMat Operations Refresher","1/12/2020",
"279","P.S.S.- Refresher","",
"279","SCBA Annual Mask Confidence","",
"279","SCBA Annual Fit Test","",
"279","HazMat Operations Refresher","2/19/2020",
"280","P.S.S.- Refresher","",
"280","SCBA Annual Mask Confidence","",
"280","SCBA Annual Fit Test","",
"280","HazMat Operations Refresher","",
"281","P.S.S.- Refresher","",
"281","SCBA Annual Mask Confidence","",
"281","SCBA Annual Fit Test","",
"281","HazMat Operations Refresher","2/19/2020",
"283","P.S.S.- Refresher","",
"283","SCBA Annual Mask Confidence","",
"283","SCBA Annual Fit Test","1/7/2020",
"283","HazMat Operations Refresher","2/19/2020",
"284","P.S.S.- Refresher","",
"284","SCBA Annual Mask Confidence","",
"284","SCBA Annual Fit Test","",
"284","HazMat Operations Refresher","1/12/2020",
"285","P.S.S.- Refresher","",
"285","SCBA Annual Mask Confidence","",
"285","SCBA Annual Fit Test","",
"285","HazMat Operations Refresher","",
"286","P.S.S.- Refresher","",
"286","SCBA Annual Mask Confidence","",
"286","SCBA Annual Fit Test","",
"286","HazMat Operations Refresher","1/12/2020",
"287","P.S.S.- Refresher","",
"287","SCBA Annual Mask Confidence","",
"287","SCBA Annual Fit Test","2/27/2020",
"287","HazMat Operations Refresher","1/12/2020",
"288","P.S.S.- Refresher","",
"288","SCBA Annual Mask Confidence","",
"288","SCBA Annual Fit Test","1/7/2020",
"288","HazMat Operations Refresher","2/19/2020",
"289","P.S.S.- Refresher","",
"289","SCBA Annual Mask Confidence","",
"289","SCBA Annual Fit Test","1/6/2020",
"289","HazMat Operations Refresher","2/19/2020",
"290","P.S.S.- Refresher","",
"290","SCBA Annual Mask Confidence","",
"290","SCBA Annual Fit Test","2/27/2020",
"290","HazMat Operations Refresher","",
"291","P.S.S.- Refresher","",
"291","SCBA Annual Mask Confidence","",
"291","SCBA Annual Fit Test","",
"291","HazMat Operations Refresher","",
"292","P.S.S.- Refresher","",
"292","SCBA Annual Mask Confidence","",
"292","SCBA Annual Fit Test","",
"292","HazMat Operations Refresher","",
"293","P.S.S.- Refresher","",
"293","SCBA Annual Mask Confidence","",
"293","SCBA Annual Fit Test","",
"293","HazMat Operations Refresher","",
"294","P.S.S.- Refresher","",
"294","SCBA Annual Mask Confidence","",
"294","SCBA Annual Fit Test","1/6/2020",
"294","HazMat Operations Refresher","2/19/2020",
"296","P.S.S.- Refresher","",
"296","SCBA Annual Mask Confidence","",
"296","SCBA Annual Fit Test","",
"296","HazMat Operations Refresher","",
"297","P.S.S.- Refresher","",
"297","SCBA Annual Mask Confidence","",
"297","SCBA Annual Fit Test","",
"297","HazMat Operations Refresher","",
"298","P.S.S.- Refresher","",
"298","SCBA Annual Mask Confidence","",
"298","SCBA Annual Fit Test","1/15/2020",
"298","HazMat Operations Refresher","1/12/2020",
"299","P.S.S.- Refresher","",
"299","SCBA Annual Mask Confidence","",
"299","SCBA Annual Fit Test","1/7/2020",
"299","HazMat Operations Refresher","2/19/2020",
"300","P.S.S.- Refresher","",
"300","SCBA Annual Mask Confidence","",
"300","SCBA Annual Fit Test","",
"300","HazMat Operations Refresher","2/19/2020",
"301","P.S.S.- Refresher","",
"301","SCBA Annual Mask Confidence","",
"301","SCBA Annual Fit Test","",
"301","HazMat Operations Refresher","2/19/2020",
"302","P.S.S.- Refresher","",
"302","SCBA Annual Mask Confidence","",
"302","SCBA Annual Fit Test","3/2/2020",
"302","HazMat Operations Refresher","2/19/2020",
"305","P.S.S.- Refresher","",
"305","SCBA Annual Mask Confidence","",
"305","SCBA Annual Fit Test","",
"305","HazMat Operations Refresher","",
"306","P.S.S.- Refresher","",
"306","SCBA Annual Mask Confidence","",
"306","SCBA Annual Fit Test","",
"306","HazMat Operations Refresher","",
"307","P.S.S.- Refresher","",
"307","SCBA Annual Mask Confidence","",
"307","SCBA Annual Fit Test","",
"307","HazMat Operations Refresher","1/12/2020",
"308","P.S.S.- Refresher","",
"308","SCBA Annual Mask Confidence","",
"308","SCBA Annual Fit Test","1/7/2020",
"308","HazMat Operations Refresher","",
"309","P.S.S.- Refresher","",
"309","SCBA Annual Mask Confidence","",
"309","SCBA Annual Fit Test","1/2/2020",
"309","HazMat Operations Refresher","1/12/2020",
"310","P.S.S.- Refresher","",
"310","SCBA Annual Mask Confidence","",
"310","SCBA Annual Fit Test","1/14/2020",
"310","HazMat Operations Refresher","",
"311","P.S.S.- Refresher","",
"311","SCBA Annual Mask Confidence","",
"311","SCBA Annual Fit Test","",
"311","HazMat Operations Refresher","2/19/2020",
"312","P.S.S.- Refresher","",
"312","SCBA Annual Mask Confidence","",
"312","SCBA Annual Fit Test","1/7/2020",
"312","HazMat Operations Refresher","2/19/2020",
"313","P.S.S.- Refresher","",
"313","SCBA Annual Mask Confidence","",
"313","SCBA Annual Fit Test","1/2/2020",
"313","HazMat Operations Refresher","1/12/2020",
"315","P.S.S.- Refresher","",
"315","SCBA Annual Mask Confidence","",
"315","SCBA Annual Fit Test","",
"315","HazMat Operations Refresher","",
"316","P.S.S.- Refresher","",
"316","SCBA Annual Mask Confidence","",
"316","SCBA Annual Fit Test","",
"316","HazMat Operations Refresher","2/19/2020",
"317","P.S.S.- Refresher","",
"317","SCBA Annual Mask Confidence","",
"317","SCBA Annual Fit Test","",
"317","HazMat Operations Refresher","1/12/2020",
"318","P.S.S.- Refresher","",
"318","SCBA Annual Mask Confidence","",
"318","SCBA Annual Fit Test","1/2/2020",
"318","HazMat Operations Refresher","1/12/2020",
"319","P.S.S.- Refresher","",
"319","SCBA Annual Mask Confidence","",
"319","SCBA Annual Fit Test","2/6/2020",
"319","HazMat Operations Refresher","",
"320","P.S.S.- Refresher","",
"320","SCBA Annual Mask Confidence","",
"320","SCBA Annual Fit Test","1/2/2020",
"320","HazMat Operations Refresher","1/12/2020",
"321","P.S.S.- Refresher","",
"321","SCBA Annual Mask Confidence","",
"321","SCBA Annual Fit Test","2/3/2020",
"321","HazMat Operations Refresher","2/19/2020",
"324","P.S.S.- Refresher","",
"324","SCBA Annual Mask Confidence","",
"324","SCBA Annual Fit Test","1/6/2020",
"324","HazMat Operations Refresher","",
"325","P.S.S.- Refresher","",
"325","SCBA Annual Mask Confidence","",
"325","SCBA Annual Fit Test","",
"325","HazMat Operations Refresher","",
"330","P.S.S.- Refresher","",
"330","SCBA Annual Mask Confidence","",
"330","SCBA Annual Fit Test","",
"330","HazMat Operations Refresher","2/19/2020",
"331","P.S.S.- Refresher","",
"331","SCBA Annual Mask Confidence","",
"331","SCBA Annual Fit Test","",
"331","HazMat Operations Refresher","1/12/2020",
"332","P.S.S.- Refresher","",
"332","SCBA Annual Mask Confidence","",
"332","SCBA Annual Fit Test","",
"332","HazMat Operations Refresher","2/19/2020",
"333","P.S.S.- Refresher","",
"333","SCBA Annual Mask Confidence","",
"333","SCBA Annual Fit Test","",
"333","HazMat Operations Refresher","1/12/2020",
"334","P.S.S.- Refresher","",
"334","SCBA Annual Mask Confidence","",
"334","SCBA Annual Fit Test","",
"334","HazMat Operations Refresher","",
"335","P.S.S.- Refresher","",
"335","SCBA Annual Mask Confidence","",
"335","SCBA Annual Fit Test","",
"335","HazMat Operations Refresher","2/19/2020",
"336","P.S.S.- Refresher","",
"336","SCBA Annual Mask Confidence","",
"336","SCBA Annual Fit Test","",
"336","HazMat Operations Refresher","",
"338","P.S.S.- Refresher","",
"338","SCBA Annual Mask Confidence","",
"338","SCBA Annual Fit Test","",
"338","HazMat Operations Refresher","2/19/2020",
"339","P.S.S.- Refresher","",
"339","SCBA Annual Mask Confidence","",
"339","SCBA Annual Fit Test","",
"339","HazMat Operations Refresher","1/12/2020",
"340","P.S.S.- Refresher","",
"340","SCBA Annual Mask Confidence","",
"340","SCBA Annual Fit Test","",
"340","HazMat Operations Refresher","2/19/2020",
"341","P.S.S.- Refresher","",
"341","SCBA Annual Mask Confidence","",
"341","SCBA Annual Fit Test","",
"341","HazMat Operations Refresher","",
"345","P.S.S.- Refresher","",
"345","SCBA Annual Mask Confidence","",
"345","SCBA Annual Fit Test","",
"345","HazMat Operations Refresher","1/12/2020",
"346","P.S.S.- Refresher","",
"346","SCBA Annual Mask Confidence","",
"346","SCBA Annual Fit Test","",
"346","HazMat Operations Refresher","",
"347","P.S.S.- Refresher","",
"347","SCBA Annual Mask Confidence","",
"347","SCBA Annual Fit Test","1/6/2020",
"347","HazMat Operations Refresher","2/19/2020",
"348","P.S.S.- Refresher","",
"348","SCBA Annual Mask Confidence","",
"348","SCBA Annual Fit Test","",
"348","HazMat Operations Refresher","1/12/2020",
"349","P.S.S.- Refresher","",
"349","SCBA Annual Mask Confidence","",
"349","SCBA Annual Fit Test","",
"349","HazMat Operations Refresher","",
"350","P.S.S.- Refresher","",
"350","SCBA Annual Mask Confidence","",
"350","SCBA Annual Fit Test","",
"350","HazMat Operations Refresher","",
"352","P.S.S.- Refresher","",
"352","SCBA Annual Mask Confidence","",
"352","SCBA Annual Fit Test","",
"352","HazMat Operations Refresher","",
"354","P.S.S.- Refresher","",
"354","SCBA Annual Mask Confidence","",
"354","SCBA Annual Fit Test","",
"354","HazMat Operations Refresher","",
"356","P.S.S.- Refresher","",
"356","SCBA Annual Mask Confidence","",
"356","SCBA Annual Fit Test","",
"356","HazMat Operations Refresher","1/12/2020",
"357","P.S.S.- Refresher","",
"357","SCBA Annual Mask Confidence","",
"357","SCBA Annual Fit Test","1/2/2020",
"357","HazMat Operations Refresher","2/19/2020",
"358","P.S.S.- Refresher","",
"358","SCBA Annual Mask Confidence","",
"358","SCBA Annual Fit Test","1/6/2020",
"358","HazMat Operations Refresher","1/12/2020",
"361","P.S.S.- Refresher","",
"361","SCBA Annual Mask Confidence","",
"361","SCBA Annual Fit Test","1/2/2020",
"361","HazMat Operations Refresher","1/12/2020",
"362","P.S.S.- Refresher","",
"362","SCBA Annual Mask Confidence","",
"362","SCBA Annual Fit Test","1/2/2020",
"362","HazMat Operations Refresher","1/12/2020",
"363","P.S.S.- Refresher","",
"363","SCBA Annual Mask Confidence","",
"363","SCBA Annual Fit Test","",
"363","HazMat Operations Refresher","",
"364","P.S.S.- Refresher","",
"364","SCBA Annual Mask Confidence","",
"364","SCBA Annual Fit Test","1/3/2020",
"364","HazMat Operations Refresher","1/12/2020",
"366","P.S.S.- Refresher","",
"366","SCBA Annual Mask Confidence","",
"366","SCBA Annual Fit Test","",
"366","HazMat Operations Refresher","1/12/2020",
"368","P.S.S.- Refresher","",
"368","SCBA Annual Mask Confidence","",
"368","SCBA Annual Fit Test","1/2/2020",
"368","HazMat Operations Refresher","1/12/2020",
"369","P.S.S.- Refresher","",
"369","SCBA Annual Mask Confidence","",
"369","SCBA Annual Fit Test","",
"369","HazMat Operations Refresher","",
"370","P.S.S.- Refresher","",
"370","SCBA Annual Mask Confidence","",
"370","SCBA Annual Fit Test","1/2/2020",
"370","HazMat Operations Refresher","1/12/2020",
"372","P.S.S.- Refresher","",
"372","SCBA Annual Mask Confidence","",
"372","SCBA Annual Fit Test","",
"372","HazMat Operations Refresher","2/19/2020",
"376","P.S.S.- Refresher","",
"376","SCBA Annual Mask Confidence","",
"376","SCBA Annual Fit Test","",
"376","HazMat Operations Refresher","1/12/2020",
"377","P.S.S.- Refresher","",
"377","SCBA Annual Mask Confidence","",
"377","SCBA Annual Fit Test","1/2/2020",
"377","HazMat Operations Refresher","1/12/2020",
"378","P.S.S.- Refresher","",
"378","SCBA Annual Mask Confidence","",
"378","SCBA Annual Fit Test","",
"378","HazMat Operations Refresher","",
"380","P.S.S.- Refresher","",
"380","SCBA Annual Mask Confidence","",
"380","SCBA Annual Fit Test","1/2/2020",
"380","HazMat Operations Refresher","2/19/2020",
"381","P.S.S.- Refresher","",
"381","SCBA Annual Mask Confidence","",
"381","SCBA Annual Fit Test","",
"381","HazMat Operations Refresher","",
"383","P.S.S.- Refresher","",
"383","SCBA Annual Mask Confidence","",
"383","SCBA Annual Fit Test","",
"383","HazMat Operations Refresher","",
"385","P.S.S.- Refresher","",
"385","SCBA Annual Mask Confidence","",
"385","SCBA Annual Fit Test","",
"385","HazMat Operations Refresher","2/19/2020",
"387","P.S.S.- Refresher","",
"387","SCBA Annual Mask Confidence","",
"387","SCBA Annual Fit Test","",
"387","HazMat Operations Refresher","1/12/2020",
"389","P.S.S.- Refresher","",
"389","SCBA Annual Mask Confidence","",
"389","SCBA Annual Fit Test","",
"389","HazMat Operations Refresher","1/12/2020",
"392","P.S.S.- Refresher","",
"392","SCBA Annual Mask Confidence","",
"392","SCBA Annual Fit Test","",
"392","HazMat Operations Refresher","1/12/2020",
"393","P.S.S.- Refresher","",
"393","SCBA Annual Mask Confidence","",
"393","SCBA Annual Fit Test","",
"393","HazMat Operations Refresher","",
"396","P.S.S.- Refresher","",
"396","SCBA Annual Mask Confidence","",
"396","SCBA Annual Fit Test","",
"396","HazMat Operations Refresher","2/19/2020",
"397","P.S.S.- Refresher","",
"397","SCBA Annual Mask Confidence","",
"397","SCBA Annual Fit Test","",
"397","HazMat Operations Refresher","",
"398","P.S.S.- Refresher","",
"398","SCBA Annual Mask Confidence","",
"398","SCBA Annual Fit Test","",
"398","HazMat Operations Refresher","2/19/2020",
"399","P.S.S.- Refresher","",
"399","SCBA Annual Mask Confidence","",
"399","SCBA Annual Fit Test","3/2/2020",
"399","HazMat Operations Refresher","1/12/2020",
"400","P.S.S.- Refresher","",
"400","SCBA Annual Mask Confidence","",
"400","SCBA Annual Fit Test","1/15/2020",
"400","HazMat Operations Refresher","1/12/2020",
"401","P.S.S.- Refresher","",
"401","SCBA Annual Mask Confidence","",
"401","SCBA Annual Fit Test","2/3/2020",
"401","HazMat Operations Refresher","2/19/2020",
"402","P.S.S.- Refresher","",
"402","SCBA Annual Mask Confidence","",
"402","SCBA Annual Fit Test","",
"402","HazMat Operations Refresher","1/12/2020",
"403","P.S.S.- Refresher","",
"403","SCBA Annual Mask Confidence","",
"403","SCBA Annual Fit Test","",
"403","HazMat Operations Refresher","",
"404","P.S.S.- Refresher","",
"404","SCBA Annual Mask Confidence","",
"404","SCBA Annual Fit Test","",
"404","HazMat Operations Refresher","2/19/2020",
"405","P.S.S.- Refresher","",
"405","SCBA Annual Mask Confidence","",
"405","SCBA Annual Fit Test","",
"405","HazMat Operations Refresher","2/19/2020",
"406","P.S.S.- Refresher","",
"406","SCBA Annual Mask Confidence","",
"406","SCBA Annual Fit Test","",
"406","HazMat Operations Refresher","",
"408","P.S.S.- Refresher","",
"408","SCBA Annual Mask Confidence","",
"408","SCBA Annual Fit Test","1/14/2020",
"408","HazMat Operations Refresher","1/12/2020",
"409","P.S.S.- Refresher","",
"409","SCBA Annual Mask Confidence","",
"409","SCBA Annual Fit Test","",
"409","HazMat Operations Refresher","2/19/2020",
"410","P.S.S.- Refresher","",
"410","SCBA Annual Mask Confidence","",
"410","SCBA Annual Fit Test","1/2/2020",
"410","HazMat Operations Refresher","1/12/2020",
"411","P.S.S.- Refresher","",
"411","SCBA Annual Mask Confidence","",
"411","SCBA Annual Fit Test","",
"411","HazMat Operations Refresher","2/19/2020",
"412","P.S.S.- Refresher","",
"412","SCBA Annual Mask Confidence","",
"412","SCBA Annual Fit Test","",
"412","HazMat Operations Refresher","",
"413","P.S.S.- Refresher","",
"413","SCBA Annual Mask Confidence","",
"413","SCBA Annual Fit Test","",
"413","HazMat Operations Refresher","",
"414","P.S.S.- Refresher","",
"414","SCBA Annual Mask Confidence","",
"414","SCBA Annual Fit Test","1/6/2020",
"414","HazMat Operations Refresher","2/19/2020",
"415","P.S.S.- Refresher","",
"415","SCBA Annual Mask Confidence","",
"415","SCBA Annual Fit Test","",
"415","HazMat Operations Refresher","2/19/2020",
"417","P.S.S.- Refresher","",
"417","SCBA Annual Mask Confidence","",
"417","SCBA Annual Fit Test","",
"417","HazMat Operations Refresher","2/19/2020",
"418","P.S.S.- Refresher","",
"418","SCBA Annual Mask Confidence","",
"418","SCBA Annual Fit Test","",
"418","HazMat Operations Refresher","2/19/2020",
"419","P.S.S.- Refresher","",
"419","SCBA Annual Mask Confidence","",
"419","SCBA Annual Fit Test","",
"419","HazMat Operations Refresher","1/12/2020",
"420","P.S.S.- Refresher","",
"420","SCBA Annual Mask Confidence","",
"420","SCBA Annual Fit Test","1/2/2020",
"420","HazMat Operations Refresher","1/12/2020",
"421","P.S.S.- Refresher","",
"421","SCBA Annual Mask Confidence","",
"421","SCBA Annual Fit Test","",
"421","HazMat Operations Refresher","1/12/2020",
"422","P.S.S.- Refresher","",
"422","SCBA Annual Mask Confidence","",
"422","SCBA Annual Fit Test","1/7/2020",
"422","HazMat Operations Refresher","2/19/2020",
